Date,JPM,MS,BAC
2023-01-04,124.88904571533203,77.02468872070312,31.058544158935547
2023-01-05,124.8613510131836,76.37578582763672,30.9948673248291
2023-01-06,127.2506332397461,77.83360290527344,31.30417251586914
2023-01-09,126.72480773925781,77.90473175048828,30.831104278564453
2023-01-10,127.85951232910156,79.04253387451172,31.04035758972168
2023-01-11,128.8096923828125,79.49588775634766,31.276884078979492
2023-01-12,128.68055725097656,80.47368621826172,31.3587589263916
2023-01-13,131.92774963378906,81.47817993164062,32.0501708984375
2023-01-17,129.8890380859375,86.2961196899414,31.404251098632812
2023-01-18,125.98680877685547,85.85164642333984,30.676454544067383
2023-01-19,124.30784606933594,83.69158172607422,30.230684280395508
2023-01-20,124.61225891113281,85.54940795898438,30.794713973999023
2023-01-23,126.63257598876953,86.34054565429688,31.222301483154297
2023-01-24,127.72108459472656,84.90050506591797,31.44972801208496
2023-01-25,128.33921813964844,85.01605987548828,31.722654342651367
2023-01-26,129.13255310058594,85.78053283691406,32.15023422241211
2023-01-27,129.4462127685547,86.10054779052734,32.25030517578125
2023-01-30,128.34841918945312,85.98853302001953,32.11384963989258
2023-01-31,129.1141357421875,87.21617889404297,32.27760696411133
2023-02-01,128.7727813720703,87.98682403564453,32.67788314819336
2023-02-02,128.1731414794922,88.90081024169922,32.86893081665039
2023-02-03,130.1565399169922,89.09795379638672,33.14185333251953
2023-02-06,130.9221954345703,88.62303924560547,33.08726501464844
2023-02-07,132.51815795898438,88.90977478027344,33.45115661621094
2023-02-08,131.58641052246094,88.67678833007812,33.20553207397461
2023-02-09,129.5384521484375,87.8613510131836,32.495941162109375
2023-02-10,130.11044311523438,88.21082305908203,32.36857223510742
2023-02-13,131.52183532714844,89.09795379638672,32.432254791259766
2023-02-14,132.10305786132812,90.11053466796875,32.40495681762695
2023-02-15,132.65652465820312,90.35248565673828,32.35038375854492
2023-02-16,130.82998657226562,89.2234115600586,32.09564971923828
2023-02-17,131.2174072265625,89.16963958740234,32.15932846069336
2023-02-21,128.8096923828125,87.4760513305664,31.404251098632812
2023-02-22,127.82258605957031,87.16239929199219,31.19501304626465
2023-02-23,128.84657287597656,87.76277923583984,31.167713165283203
2023-02-24,130.00894165039062,87.54772186279297,31.122224807739258
2023-02-27,131.14364624023438,86.65162658691406,31.122224807739258
2023-02-28,132.24139404296875,86.47241973876953,31.204099655151367
2023-03-01,131.50341796875,86.19464111328125,31.058544158935547
2023-03-02,130.13809204101562,86.09605407714844,30.66481590270996
2023-03-03,132.5273895263672,88.11225891113281,31.278303146362305
2023-03-06,131.7524871826172,88.15705871582031,31.21419906616211
2023-03-07,127.87796020507812,86.07814025878906,30.216157913208008
2023-03-08,127.1214828491211,85.93476867675781,29.813274383544922
2023-03-09,120.23958587646484,82.61924743652344,27.963680267333984
2023-03-10,123.29310607910156,80.69266510009766,27.716455459594727
2023-03-13,121.07907104492188,78.84672546386719,26.104928970336914
2023-03-14,124.18791961669922,80.62095642089844,26.33384132385254
2023-03-15,118.32075500488281,76.51689147949219,26.08661651611328
2023-03-16,120.61781311035156,77.96854400634766,26.526124954223633
2023-03-17,116.06062316894531,75.43262481689453,25.473134994506836
2023-03-20,117.28756713867188,76.74091339111328,25.409040451049805
2023-03-21,120.4333267211914,79.53668975830078,26.178176879882812
2023-03-22,117.32447052001953,78.45243072509766,25.308319091796875
2023-03-23,117.01081848144531,76.92012786865234,24.69483757019043
2023-03-24,115.23038482666016,75.22653198242188,24.85049819946289
2023-03-27,118.53296661376953,75.8448257446289,26.08661651611328
2023-03-28,118.89273071289062,76.05988311767578,25.74782371520996
2023-03-29,119.132568359375,77.278564453125,26.251428604125977
2023-03-30,118.7728042602539,77.16207122802734,25.912641525268555
2023-03-31,120.21190643310547,78.67646026611328,26.187334060668945
2023-04-03,120.07355499267578,78.10297393798828,26.178176879882812
2023-04-04,118.4683609008789,76.0061264038086,25.619638442993164
2023-04-05,118.64503479003906,75.11003112792969,25.308319091796875
2023-04-06,118.51485443115234,75.44158172607422,25.491443634033203
2023-04-10,118.90536499023438,75.27132415771484,25.5830135345459
2023-04-11,119.4910888671875,76.24805450439453,26.28805160522461
2023-04-12,119.47249603271484,76.58855438232422,26.077457427978516
2023-04-13,119.9280776977539,76.78572082519531,26.150705337524414
2023-04-14,128.9838104248047,77.69971466064453,27.029720306396484
2023-04-17,130.0065155029297,80.0116195678711,27.808021545410156
2023-04-18,131.4662322998047,80.51344299316406,27.981992721557617
2023-04-19,131.29885864257812,81.05109405517578,27.524171829223633
2023-04-20,130.9176788330078,81.03317260742188,27.377668380737305
2023-04-21,130.66664123535156,81.65147399902344,27.350196838378906
2023-04-24,130.84329223632812,80.82706451416016,27.24947738647461
2023-04-25,127.99827575683594,78.90943908691406,26.40709114074707
2023-04-26,125.72969055175781,79.24995422363281,26.040834426879883
2023-04-27,127.42183685302734,80.88084411621094,26.45286750793457
2023-04-28,128.52822875976562,81.3191909790039,26.809968948364258
2023-05-01,131.28028869628906,79.47534942626953,26.59021759033203
2023-05-02,129.16046142578125,77.99303436279297,25.78445053100586
2023-05-03,126.42698669433594,76.60110473632812,25.50975799560547
2023-05-04,124.69769287109375,74.66687774658203,24.713151931762695
2023-05-05,127.1336441040039,76.71861267089844,25.372413635253906
2023-05-08,127.4404296875,76.31188201904297,25.354101181030273
2023-05-09,126.8268051147461,76.25765991210938,25.32663345336914
2023-05-10,126.89189147949219,75.67015075683594,25.015316009521484
2023-05-11,126.4920883178711,74.6849594116211,25.07941246032715
2023-05-12,124.67908477783203,74.46802520751953,24.804719924926758
2023-05-15,125.72969055175781,74.97418975830078,25.317472457885742
2023-05-16,124.8836441040039,73.98899841308594,25.051939010620117
2023-05-17,128.72348022460938,75.84188842773438,26.15986442565918
2023-05-18,129.69970703125,76.36611938476562,26.06829833984375
2023-05-19,129.4021453857422,74.33245849609375,25.738672256469727
2023-05-22,128.3330078125,74.35958099365234,25.949264526367188
2023-05-23,126.99413299560547,74.6939926147461,26.16901969909668
2023-05-24,125.83197021484375,73.41053771972656,25.72951316833496
2023-05-25,126.13878631591797,75.01937103271484,25.793611526489258
2023-05-26,127.31958770751953,75.83284759521484,25.921798706054688
2023-05-30,127.80303192138672,75.39898681640625,25.87601661682129
2023-05-31,126.17597198486328,73.89861297607422,25.44566535949707
2023-06-01,127.91459655761719,74.17880249023438,25.63948631286621
2023-06-02,130.60159301757812,76.23957824707031,26.49782371520996
2023-06-05,129.3185272216797,75.68821716308594,26.34092140197754
2023-06-06,129.5509490966797,77.60438537597656,26.977758407592773
2023-06-07,130.80613708496094,78.18284606933594,27.20849609375
2023-06-08,130.84329223632812,78.0111083984375,26.977758407592773
2023-06-09,131.10366821289062,77.92072296142578,27.014678955078125
2023-06-12,131.0943145751953,79.03246307373047,26.88546371459961
2023-06-13,132.0426788330078,79.79168701171875,27.134660720825195
2023-06-14,131.5499267578125,79.5205307006836,26.876235961914062
2023-06-15,133.03749084472656,80.4876708984375,27.106971740722656
2023-06-16,133.19558715820312,79.61994934082031,26.940841674804688
2023-06-20,132.516845703125,78.39073181152344,26.6455020904541
2023-06-21,132.3216094970703,78.03821563720703,26.36861228942871
2023-06-22,129.77410888671875,76.37515258789062,25.805614471435547
2023-06-23,129.0954132080078,75.54360961914062,25.61179542541504
2023-06-26,129.41151428222656,75.5526351928711,25.925600051879883
2023-06-27,129.42080688476562,76.31188201904297,26.064037322998047
2023-06-28,128.85365295410156,75.91419219970703,25.907140731811523
2023-06-29,133.35365295410156,77.04399871826172,26.451675415039062
2023-06-30,135.22242736816406,77.18861389160156,26.479368209838867
2023-07-03,136.31021118164062,78.10150909423828,26.950071334838867
2023-07-05,135.40219116210938,77.65861511230469,26.839319229125977
2023-07-06,134.0634765625,75.31766510009766,26.10095977783203
2023-07-07,135.12132263183594,75.34477233886719,26.331697463989258
2023-07-10,135.87957763671875,75.38090515136719,26.451675415039062
2023-07-11,138.004638671875,76.7909164428711,26.783937454223633
2023-07-12,138.68798828125,77.52303314208984,27.09774398803711
2023-07-13,139.36199951171875,77.92072296142578,27.383861541748047
2023-07-14,140.2045135498047,77.53207397460938,26.867008209228516
2023-07-17,143.58396911621094,78.0653305053711,27.134660720825195
2023-07-18,143.84609985351562,83.09977722167969,28.334489822387695
2023-07-19,144.3983917236328,84.20246887207031,29.10053825378418
2023-07-20,146.17703247070312,84.78093719482422,29.24820899963379
2023-07-21,145.05368041992188,84.97074127197266,29.515867233276367
2023-07-24,147.9088897705078,85.56726837158203,30.13423728942871
2023-07-25,146.8042755126953,85.34130859375,29.672767639160156
2023-07-26,147.68418884277344,84.54593658447266,29.912729263305664
2023-07-27,146.05535888671875,83.83190155029297,29.488176345825195
2023-07-28,146.8885040283203,83.53086853027344,29.442028045654297
2023-07-31,147.8714599609375,83.52173614501953,29.53432273864746
2023-08-01,147.14126586914062,82.9561767578125,29.183603286743164
2023-08-02,145.47496032714844,81.47840881347656,28.786739349365234
2023-08-03,146.36428833007812,81.31420135498047,28.989784240722656
2023-08-04,146.05535888671875,80.99493408203125,28.888259887695312
2023-08-07,146.74807739257812,81.25948333740234,29.423568725585938
2023-08-08,145.92428588867188,80.70301818847656,28.86057472229004
2023-08-09,143.96775817871094,79.8729019165039,28.48216438293457
2023-08-10,143.75247192382812,79.94588470458984,28.55599594116211
2023-08-11,144.5856475830078,80.00061798095703,28.879030227661133
2023-08-14,144.88519287109375,79.6631088256836,28.546770095825195
2023-08-15,141.19683837890625,78.59581756591797,27.6330509185791
2023-08-16,140.59767150878906,78.44075012207031,27.033138275146484
2023-08-17,139.13734436035156,78.25830078125,27.02390480041504
2023-08-18,139.4556121826172,77.43732452392578,26.867008209228516
2023-08-21,139.93301391601562,76.85350799560547,26.9039249420166
2023-08-22,137.0310516357422,75.69499969482422,26.248632431030273
2023-08-23,137.95782470703125,76.06900024414062,26.25786018371582
2023-08-24,137.8267364501953,76.11460876464844,26.41476058959961
2023-08-25,137.6582489013672,75.91393280029297,26.304006576538086
2023-08-28,138.1356964111328,76.97209167480469,26.543975830078125
2023-08-29,139.25901794433594,78.03938293457031,26.922378540039062
2023-08-30,138.69735717773438,77.77483367919922,26.802398681640625
2023-08-31,136.98423767089844,77.67449951171875,26.681411743164062
2023-09-01,137.44293212890625,78.2218246459961,26.969913482666016
2023-09-05,135.9263916015625,77.3917007446289,26.662805557250977
2023-09-06,135.7017364501953,76.77140808105469,26.420839309692383
2023-09-07,134.54092407226562,76.47950744628906,26.178869247436523
2023-09-08,134.64389038085938,77.46467590332031,26.392921447753906
2023-09-11,135.23367309570312,76.17847442626953,26.50459861755371
2023-09-12,136.9935760498047,78.03938293457031,26.960607528686523
2023-09-13,137.05911254882812,79.59012603759766,26.876848220825195
2023-09-14,139.71771240234375,81.25033569335938,27.17465591430664
2023-09-15,139.30584716796875,80.64828491210938,26.83962631225586
2023-09-18,139.5960235595703,80.92195129394531,26.765172958374023
2023-09-19,139.41815185546875,80.73950958251953,26.662805557250977
2023-09-20,138.8284454345703,79.48979187011719,26.56973648071289
2023-09-21,137.7425079345703,77.42819213867188,26.104419708251953
2023-09-22,136.4225311279297,75.97777557373047,25.722858428955078
2023-09-25,137.0966033935547,75.74060821533203,25.685632705688477
2023-09-26,135.67364501953125,74.95610046386719,25.285457611083984
2023-09-27,136.4693603515625,74.48176574707031,25.378520965576172
2023-09-28,138.16375732421875,74.97435760498047,25.648408889770508
2023-09-29,135.75791931152344,74.5,25.480892181396484
2023-10-02,134.58775329589844,73.35063934326172,24.84805679321289
2023-10-03,133.59544372558594,71.17044067382812,24.112852096557617
2023-10-04,134.19451904296875,72.1465072631836,24.140771865844727
2023-10-05,134.76036071777344,72.20124053955078,24.2524471282959
2023-10-06,136.83506774902344,73.27765655517578,24.261756896972656
2023-10-09,136.52391052246094,72.89452362060547,24.485109329223633
2023-10-10,137.3537139892578,73.0951919555664,25.136560440063477
2023-10-11,137.82525634765625,71.97319793701172,25.145864486694336
2023-10-12,137.504638671875,70.97887420654297,25.0341854095459
2023-10-13,139.56988525390625,70.96063995361328,24.903898239135742
2023-10-16,139.4284210205078,71.81810760498047,25.117942810058594
2023-10-17,139.1266632080078,73.27765655517578,25.704246520996094
2023-10-18,137.59893798828125,68.30609893798828,25.41574478149414
2023-10-19,137.01425170898438,66.5181884765625,25.09002113342285
2023-10-20,134.80755615234375,66.70976257324219,24.485109329223633
2023-10-23,132.96859741210938,65.40530395507812,23.796436309814453
2023-10-24,133.12893676757812,65.27757263183594,23.703369140625
2023-10-25,132.4027862548828,65.13164520263672,23.777822494506836
2023-10-26,132.7422637939453,65.74280548095703,24.30828857421875
2023-10-27,127.9610595703125,64.21945190429688,23.424179077148438
2023-10-30,129.59251403808594,65.17970275878906,23.908109664916992
2023-10-31,131.13909912109375,65.39208984375,24.513029098510742
2023-11-01,131.02593994140625,65.51211547851562,24.568866729736328
2023-11-02,133.3646697998047,67.82974243164062,25.704246520996094
2023-11-03,134.8546905517578,70.41514587402344,26.448755264282227
2023-11-06,135.8731689453125,70.10121154785156,26.3649959564209
2023-11-07,135.80715942382812,69.72262573242188,26.206789016723633
2023-11-08,136.4767303466797,70.14737701416016,25.955516815185547
2023-11-09,136.07119750976562,68.50379943847656,25.6204891204834
2023-11-10,138.0893096923828,69.55644226074219,25.76008415222168
2023-11-13,137.47633361816406,69.28865814208984,25.778697967529297
2023-11-14,139.98483276367188,72.30802154541016,27.193265914916992
2023-11-15,141.21078491210938,73.57300567626953,27.56552505493164
2023-11-16,142.82339477539062,73.55455780029297,27.491073608398438
2023-11-17,144.11532592773438,74.12702178955078,27.900554656982422
2023-11-20,144.55856323242188,73.59149169921875,27.928470611572266
2023-11-21,144.2567901611328,72.45578002929688,27.602750778198242
2023-11-22,144.59629821777344,72.47422790527344,27.5748291015625
2023-11-24,144.7943115234375,72.62197875976562,27.66789436340332
2023-11-27,144.46426391601562,71.97562408447266,27.50968360900879
2023-11-28,144.7943115234375,70.98762512207031,27.48176383972168
2023-11-29,145.52993774414062,72.52963256835938,28.207664489746094
2023-11-30,147.18963623046875,73.25907897949219,28.601654052734375
2023-12-01,147.90635681152344,74.6902847290039,29.042543411254883
2023-12-04,148.9908447265625,74.98577117919922,28.91121482849121
2023-12-05,148.9720001220703,74.02546691894531,28.686077117919922
2023-12-06,147.4065704345703,73.32372283935547,28.639175415039062
2023-12-07,147.8591766357422,74.1916732788086,28.761123657226562
2023-12-08,149.4906768798828,75.9737548828125,29.042543411254883
2023-12-11,150.0376434326172,76.47236633300781,28.93935775756836
2023-12-12,151.3767547607422,77.19258880615234,28.836166381835938
2023-12-13,151.885986328125,79.06698608398438,30.05565643310547
2023-12-14,154.6490936279297,84.06236267089844,31.83798599243164
2023-12-15,155.81846618652344,84.56096649169922,31.519033432006836
2023-12-18,156.76150512695312,83.80380249023438,31.359567642211914
2023-12-19,158.85507202148438,84.87490844726562,31.434614181518555
2023-12-20,157.06329345703125,84.15467834472656,30.937437057495117
2023-12-21,157.9591522216797,85.53050231933594,31.143808364868164
2023-12-22,157.86483764648438,85.32734680175781,31.359567642211914
2023-12-26,158.7984619140625,85.7243881225586,31.762935638427734
2023-12-27,159.75094604492188,86.48155975341797,31.744173049926758
2023-12-28,160.59967041015625,86.46308135986328,31.781696319580078
2023-12-29,160.4110870361328,86.10296630859375,31.584705352783203
2024-01-02,162.2782745361328,86.70317077636719,31.800464630126953
2024-01-03,161.5709991455078,84.86566925048828,31.453378677368164
2024-01-04,162.64321899414062,85.08728790283203,31.70665168762207
2024-01-05,163.45924377441406,86.09371948242188,32.297637939453125
2024-01-08,163.22203063964844,86.3430404663086,32.04435348510742
2024-01-09,161.93161010742188,85.00415802001953,31.547183990478516
2024-01-10,162.27317810058594,84.46864318847656,31.519033432006836
2024-01-11,161.58999633789062,83.5729751586914,31.09691047668457
2024-01-12,160.40391540527344,82.82505798339844,30.76858139038086
2024-01-16,159.39813232421875,79.38092041015625,30.130699157714844
2024-01-17,158.54415893554688,77.94051361083984,29.830520629882812
2024-01-18,158.85728454589844,77.46959686279297,29.764854431152344
2024-01-19,161.59945678710938,78.7992172241211,30.224504470825195
2024-01-22,161.40968322753906,79.1593246459961,30.534069061279297
2024-01-23,160.3470001220703,80.09192657470703,30.74044418334961
2024-01-24,161.77978515625,80.85831451416016,30.937437057495117
2024-01-25,164.09498596191406,81.27381134033203,31.322046279907227
2024-01-26,163.46873474121094,81.00604248046875,31.359567642211914
2024-01-29,163.89569091796875,80.90447998046875,31.528419494628906
2024-01-30,167.25465393066406,81.69701385498047,32.635337829589844
2024-01-31,165.44235229492188,81.34268951416016,31.90364646911621
2024-02-01,164.84457397460938,80.95109558105469,31.47213363647461
2024-02-02,165.7934112548828,81.37066650390625,31.3970947265625
2024-02-05,165.5751953125,80.0839614868164,30.946823120117188
2024-02-06,166.14450073242188,80.27975463867188,30.99371910095215
2024-02-07,166.45761108398438,80.1865234375,31.125049591064453
2024-02-08,165.85983276367188,79.86019134521484,31.068767547607422
2024-02-09,166.05908203125,80.0839614868164,31.021862030029297
2024-02-12,166.79920959472656,80.9977035522461,31.53780174255371
2024-02-13,165.34744262695312,78.29374694824219,30.7216854095459
2024-02-14,167.0269012451172,78.32172393798828,31.07814598083496
2024-02-15,170.67051696777344,79.87883758544922,31.959936141967773
2024-02-16,169.87350463867188,80.65271759033203,31.978689193725586
2024-02-20,170.53768920898438,79.58045959472656,31.856739044189453
2024-02-21,171.64785766601562,79.68302917480469,31.61284637451172
2024-02-22,173.7068634033203,80.04666137695312,31.528419494628906
2024-02-23,174.57981872558594,80.69934844970703,31.81922149658203
2024-02-26,173.98204040527344,79.87883758544922,31.528419494628906
2024-02-27,174.06744384765625,79.71099090576172,32.156917572021484
2024-02-28,174.94984436035156,80.23314666748047,32.18507385253906
2024-02-29,176.5439453125,80.22381591796875,32.61016845703125
2024-03-01,175.8133087158203,80.63408660888672,32.449581146240234
2024-03-04,177.1322021484375,83.95343017578125,33.205318450927734
2024-03-05,178.9066162109375,83.10493469238281,33.43203353881836
2024-03-06,179.83645629882812,79.86951446533203,33.46037673950195
2024-03-07,178.2613525390625,80.31704711914062,33.65876388549805
2024-03-08,178.59347534179688,81.15621948242188,33.63042068481445
2024-03-11,178.65989685058594,81.06298065185547,33.90436935424805
2024-03-12,180.130615234375,81.1655502319336,33.97050476074219
2024-03-13,181.5918426513672,83.3100814819336,34.083866119384766
2024-03-14,178.35623168945312,83.07696533203125,33.71543884277344
2024-03-15,180.56710815429688,82.4056396484375,33.450923919677734
2024-03-18,182.80638122558594,82.01402282714844,34.017730712890625
2024-03-19,183.87857055664062,82.44292449951172,34.03662872314453
2024-03-20,186.28868103027344,85.17487335205078,34.71678924560547
2024-03-21,188.87905883789062,87.08628845214844,35.434749603271484
2024-03-22,186.56385803222656,85.73430633544922,35.00019454956055
2024-03-25,184.8559112548828,84.97905731201172,34.820709228515625
2024-03-26,185.71937561035156,85.1095962524414,35.03798294067383
2024-03-27,189.3155517578125,87.17951965332031,35.7181510925293
2024-03-28,190.05564880371094,87.79493713378906,35.822059631347656
2024-04-01,188.76516723632812,87.20751953125,35.44419479370117
2024-04-02,188.6892852783203,86.44293975830078,35.236366271972656
2024-04-03,188.15792846679688,86.71334075927734,35.368614196777344
2024-04-04,186.72634887695312,86.04199981689453,34.87739181518555
2024-04-05,188.4442596435547,86.21916198730469,35.05686950683594
2024-04-08,189.42724609375,86.90914154052734,35.42530059814453
2024-04-09,188.1579132080078,87.72032928466797,35.642578125
2024-04-10,186.55453491210938,85.45458221435547,34.62232971191406
2024-04-11,186.516357421875,80.96974182128906,34.338924407958984
2024-04-12,174.45289611816406,80.36368560791016,33.809906005859375
2024-04-15,174.54833984375,81.10958862304688,33.961055755615234
2024-04-16,172.5536346435547,83.1142578125,32.761314392089844
2024-04-17,171.86648559570312,83.99073028564453,33.2808837890625
2024-04-18,172.98312377929688,84.15855407714844,33.791011810302734
2024-04-19,177.3256072998047,84.53150939941406,34.924625396728516
2024-04-22,180.77093505859375,85.8648452758789,35.642578125
2024-04-23,183.37640380859375,87.42195129394531,36.24717330932617
2024-04-24,184.27357482910156,87.50587463378906,36.19993209838867
2024-04-25,184.55032348632812,86.30307006835938,35.812618255615234
2024-04-26,184.66488647460938,86.55482482910156,35.73704147338867
2024-04-29,184.4644317626953,86.67716217041016,35.4725341796875
2024-04-30,182.9946746826172,85.4820556640625,34.96240997314453
2024-05-01,183.10923767089844,86.14078521728516,34.90572738647461
2024-05-02,182.91831970214844,87.18531036376953,34.83960723876953
2024-05-03,181.8207550048828,88.11690521240234,35.18913269042969
2024-05-06,183.24281311035156,89.19908142089844,35.60478973388672
2024-05-07,183.00421142578125,90.14009857177734,35.746490478515625
2024-05-08,186.72634887695312,89.99895477294922,35.62367630004883
2024-05-09,188.49197387695312,92.3232650756836,36.162139892578125
2024-05-10,189.70404052734375,92.48324584960938,36.32274627685547
2024-05-13,189.66586303710938,92.74671936035156,36.09602355957031
2024-05-14,192.31906127929688,93.51835632324219,36.36053466796875
2024-05-15,192.89170837402344,94.59111022949219,36.757293701171875
2024-05-16,193.23529052734375,93.70655822753906,37.05014419555664
2024-05-17,195.44947814941406,94.30880737304688,37.11627197265625
2024-05-20,186.65953063964844,94.41231536865234,36.67226791381836
2024-05-21,190.4198455810547,95.54155731201172,37.45635223388672
2024-05-22,189.26502990722656,94.79814147949219,37.560264587402344
2024-05-23,187.93841552734375,93.08549499511719,37.002906799316406
2024-05-24,191.55555725097656,93.13253784179688,37.50358581542969
2024-05-28,190.4007110595703,92.85022735595703,37.14460754394531
2024-05-29,189.0741424560547,91.53280639648438,36.57780838012695
2024-05-30,190.23851013183594,91.49516296386719,36.4927864074707
2024-05-31,193.38800048828125,92.0691909790039,37.77754211425781
2024-06-03,192.6149444580078,91.66456604003906,37.67362594604492
2024-06-04,190.07623291015625,90.88350677490234,37.48469543457031
2024-06-05,188.2628936767578,90.95879364013672,37.74919891357422
2024-06-06,187.9288787841797,91.1375732421875,37.50358581542969
2024-06-07,190.83021545410156,91.41047668457031,37.80772018432617
2024-06-10,190.50575256347656,90.70471954345703,37.70317077636719
2024-06-11,185.4951934814453,89.80135345458984,36.9333381652832
2024-06-12,182.79428100585938,90.00836944580078,37.4560546875
2024-06-13,184.8271026611328,89.59430694580078,37.313499450683594
2024-06-14,184.94161987304688,89.86720275878906,37.29449462890625
2024-06-17,186.08688354492188,91.31637573242188,37.55110549926758
2024-06-18,188.0147705078125,91.81512451171875,38.00730895996094
2024-06-20,189.60861206054688,91.69277954101562,38.00730895996094
2024-06-21,187.34669494628906,90.48828125,37.53209686279297
2024-06-24,189.80902099609375,91.37284851074219,38.03581619262695
2024-06-25,189.0359649658203,92.03154754638672,37.42755126953125
2024-06-26,188.42514038085938,91.17521667480469,37.06639099121094
2024-06-27,190.08580017089844,90.12127685546875,37.30399703979492
2024-06-28,193.03485107421875,91.45752716064453,37.798213958740234
2024-07-01,196.07937622070312,93.31133270263672,38.02631378173828
2024-07-02,199.30519104003906,93.77243041992188,38.90070343017578
2024-07-03,199.17160034179688,94.28998565673828,38.872188568115234
2024-07-05,196.532470703125,93.71595764160156,38.4064826965332
2024-07-08,196.89715576171875,94.65699005126953,38.6060676574707
2024-07-09,199.25794982910156,96.55784606933594,39.36640930175781
2024-07-10,199.4210968017578,97.35771179199219,39.67054748535156
2024-07-11,199.08518981933594,98.4681167602539,39.7370719909668
2024-07-12,196.67640686035156,97.95055389404297,39.52798080444336
2024-07-15,201.58038330078125,99.05154418945312,39.81310272216797
2024-07-16,205.00643920898438,99.9549331665039,41.942047119140625
2024-07-17,208.1253662109375,100.6512680053711,41.79948806762695
2024-07-18,201.51316833496094,98.62808227539062,40.87757873535156
2024-07-19,201.32127380371094,96.06852722167969,40.773033142089844
2024-07-22,201.8011016845703,96.39787292480469,40.20277404785156
2024-07-23,201.8490753173828,97.39535522460938,40.30731964111328
2024-07-24,200.17926025390625,95.95560455322266,40.098228454589844
2024-07-25,200.25599670410156,97.45181274414062,39.61351776123047
2024-07-26,203.68206787109375,98.04466247558594,39.60401153564453
2024-07-29,202.34812927246094,96.4355239868164,39.05276870727539
2024-07-30,206.51312255859375,97.64002227783203,39.23334884643555
2024-07-31,204.21949768066406,97.9960708618164,38.31144714355469
2024-08-01,199.57461547851562,96.61931610107422,37.54159927368164
2024-08-02,191.11029052734375,91.00788116455078,35.716793060302734
2024-08-05,187.04124450683594,87.41883850097656,34.83290100097656
2024-08-06,192.2618865966797,88.27336883544922,35.08951187133789
2024-08-07,192.31948852539062,87.45681762695312,35.45067596435547
2024-08-08,195.83189392089844,89.84952545166016,36.31555938720703
2024-08-09,197.50172424316406,89.93496704101562,36.38208770751953
2024-08-12,197.8760223388672,90.04891204833984,36.27754211425781
2024-08-13,199.5554656982422,91.82443237304688,36.55316162109375
2024-08-14,201.76271057128906,94.41653442382812,36.88581085205078
2024-08-15,203.01988220214844,95.555908203125,37.094905853271484
2024-08-16,205.34230041503906,96.31549835205078,37.38953399658203
2024-08-19,206.7626495361328,96.6098403930664,37.70317077636719
2024-08-20,205.87013244628906,95.6888198852539,36.77175521850586
2024-08-21,205.94692993164062,95.60338592529297,36.82878112792969
2024-08-22,207.89505004882812,95.47994995117188,37.29449462890625
2024-08-23,209.50729370117188,96.74275207519531,37.798213958740234
2024-08-26,210.3326416015625,97.1605224609375,37.940773010253906
2024-08-27,211.30191040039062,96.92314910888672,37.70317077636719
2024-08-28,212.36715698242188,97.0370864868164,37.96929168701172
2024-08-29,213.2500762939453,97.41688537597656,38.178382873535156
2024-08-30,215.7356414794922,98.3758773803711,38.72963333129883
2024-09-03,211.4170684814453,94.25511169433594,38.68210220336914
2024-09-04,210.48617553710938,95.09066009521484,38.49201965332031
2024-09-05,208.854736328125,94.53047180175781,38.149864196777344
2024-09-06,203.89321899414062,91.71050262451172,37.07845687866211
2024-09-09,208.0677947998047,93.22016143798828,37.757659912109375
2024-09-10,197.2714080810547,91.73898315429688,37.575897216796875
2024-09-11,198.8740997314453,92.1282730102539,37.308048248291016
2024-09-12,198.26950073242188,91.75798034667969,37.097599029541016
2024-09-13,196.0814208984375,93.2866439819336,36.973236083984375
2024-09-16,199.47866821289062,95.03369140625,37.40370559692383
2024-09-17,200.81260681152344,94.79632568359375,37.83418273925781
2024-09-18,199.1619873046875,94.28359985351562,37.901153564453125
2024-09-19,201.99302673339844,95.641357421875,39.096920013427734
2024-09-20,202.57843017578125,97.29345703125,38.522953033447266
2024-09-23,202.91433715820312,97.29345703125,38.14030456542969
2024-09-24,203.05828857421875,97.39790344238281,37.738529205322266
2024-09-25,201.71473693847656,97.1700210571289,37.54719924926758
2024-09-26,201.32127380371094,99.31585693359375,37.80549240112305
2024-09-27,202.01223754882812,98.85060119628906,37.690696716308594
2024-09-30,202.35772705078125,98.97403717041016,37.95854949951172
2024-10-01,198.69174194335938,99.14493560791016,37.51850509643555
2024-10-02,198.93167114257812,99.23989868164062,37.528072357177734
2024-10-03,196.95472717285156,99.28736877441406,37.54719924926758
2024-10-04,203.9453582763672,102.4301528930664,38.36989212036133
2024-10-07,203.6653594970703,102.20227813720703,38.22639846801758
2024-10-08,203.4915771484375,102.05985260009766,38.19770050048828
2024-10-09,206.069580078125,103.53155517578125,38.4464225769043
2024-10-10,205.50958251953125,102.62004852294922,38.23596954345703
2024-10-11,214.6341094970703,104.87982177734375,40.130069732666016
2024-10-14,213.8520050048828,106.60787963867188,40.09180450439453
2024-10-15,214.73065185546875,106.55091094970703,40.31181716918945
2024-10-16,215.93760681152344,113.4726333618164,40.94319152832031
2024-10-17,216.6907501220703,113.40617370605469,40.751861572265625
2024-10-18,217.6080322265625,114.94432067871094,40.48401641845703
2024-10-21,215.3196563720703,112.30477905273438,39.94831085205078
2024-10-22,216.4010467529297,112.34275817871094,40.46487808227539
2024-10-23,215.71556091308594,112.30477905273438,40.50314712524414
2024-10-24,217.23146057128906,113.14981079101562,40.79970169067383
2024-10-25,214.65341186523438,110.97550201416016,40.072669982910156
2024-10-28,217.73355102539062,113.11182403564453,40.770999908447266
2024-10-29,215.22308349609375,113.27325439453125,40.684906005859375
2024-10-30,216.68106079101562,111.96294403076172,40.474449157714844
2024-10-31,214.27685546875,111.24999237060547,40.00571060180664
2024-11-01,215.26174926757812,111.8241958618164,39.94831085205078
2024-11-04,212.21054077148438,111.14472961425781,39.53696823120117
2024-11-05,213.86166381835938,112.74290466308594,40.0631103515625
2024-11-06,238.55101013183594,125.83453369140625,43.439964294433594
2024-11-07,228.23886108398438,122.91571807861328,42.827728271484375
2024-11-08,228.81817626953125,123.95882415771484,43.1721076965332
2024-11-11,231.048583984375,127.77723693847656,44.08089065551758
2024-11-12,231.30931091308594,126.61923217773438,43.87044143676758
2024-11-13,232.85418701171875,127.04989624023438,43.880001068115234
2024-11-14,233.53973388671875,126.73409271240234,43.9087028503418
2024-11-15,236.8612823486328,128.29400634765625,44.721824645996094
2024-11-18,236.59091186523438,128.02601623535156,44.6931266784668
2024-11-19,234.7177276611328,126.55227661132812,44.39657974243164
2024-11-20,232.48727416992188,126.02592468261719,44.061767578125
2024-11-21,236.33021545410156,129.18399047851562,44.44440841674805
2024-11-22,239.9896697998047,128.89688110351562,44.96098327636719
2024-11-25,241.66973876953125,127.91119384765625,45.439292907714844
2024-11-26,241.36077880859375,125.63356018066406,45.67844772338867
2024-11-27,241.18695068359375,125.56657409667969,45.69758224487305
2024-11-29,241.119384765625,125.9493637084961,45.44886016845703
2024-12-02,237.76890563964844,125.3943099975586,44.999244689941406
2024-12-03,236.38816833496094,124.8296890258789,44.788795471191406
2024-12-04,235.0170440673828,124.3990478515625,44.358314514160156
2024-12-05,237.02540588378906,124.71484375,44.96098327636719
2024-12-06,238.84068298339844,124.37034606933594,44.97060012817383
2024-12-09,235.41293334960938,123.04969024658203,44.162574768066406
2024-12-10,234.4956512451172,121.33666229248047,44.008663177490234
2024-12-11,235.142578125,122.10225677490234,44.32609939575195
2024-12-12,233.21144104003906,122.40850830078125,44.32609939575195
2024-12-13,231.6762237548828,121.92044067382812,43.931705474853516
2024-12-16,231.32861328125,123.48033142089844,43.73931884765625
2024-12-17,230.15065002441406,122.24581146240234,43.33530807495117
2024-12-18,222.4358367919922,115.83397674560547,41.844303131103516
2024-12-19,224.9365997314453,115.31720733642578,41.7288703918457
2024-12-20,229.4168243408203,118.13077545166016,42.488800048828125
2024-12-23,230.1796112060547,119.09732055664062,42.21945571899414
2024-12-24,233.96458435058594,121.59504699707031,42.6908073425293
2024-12-26,234.76602172851562,122.52333068847656,42.854339599609375
2024-12-27,232.86386108398438,121.30796813964844,42.6523323059082
2024-12-30,231.07757568359375,120.3414077758789,42.23870086669922
2024-12-31,231.4541473388672,120.31269836425781,42.27717590332031
